row_index,document_id
0,NEWS000002
1,NEWS000005
2,NEWS000008
3,NEWS000009
4,NEWS000010
5,NEWS000015
6,NEWS000016
7,NEWS000019
8,NEWS000024
9,NEWS000028
10,NEWS000029
11,NEWS000032
12,NEWS000033
13,NEWS000038
14,NEWS000042
15,NEWS000044
16,NEWS000046
17,NEWS000047
18,NEWS000050
19,NEWS000053
20,NEWS000054
21,NEWS000055
22,NEWS000056
23,NEWS000057
24,NEWS000058
25,NEWS000060
26,NEWS000061
27,NEWS000062
28,NEWS000063
29,NEWS000064
30,NEWS000066
31,NEWS000068
32,NEWS000072
33,NEWS000074
34,NEWS000075
35,NEWS000077
36,NEWS000082
37,NEWS000084
38,NEWS000085
39,NEWS000089
40,NEWS000091
41,NEWS000094
42,NEWS000095
43,NEWS000096
44,NEWS000098
45,NEWS000099
46,NEWS000101
47,NEWS000103
48,NEWS000105
49,NEWS000108
50,NEWS000109
51,NEWS000110
52,NEWS000111
53,NEWS000113
54,NEWS000114
55,NEWS000115
56,NEWS000116
57,NEWS000117
58,NEWS000118
59,NEWS000119
60,NEWS000120
61,NEWS000121
62,NEWS000122
63,NEWS000123
64,NEWS000124
65,NEWS000125
66,NEWS000126
67,NEWS000127
68,NEWS000128
69,NEWS000129
70,NEWS000130
71,NEWS000131
72,NEWS000133
73,NEWS000134
74,NEWS000137
75,NEWS000139
76,NEWS000140
77,NEWS000141
78,NEWS000142
79,NEWS000144
80,NEWS000145
81,NEWS000146
82,NEWS000148
83,NEWS000149
84,NEWS000151
85,NEWS000153
86,NEWS000154
87,NEWS000155
88,NEWS000156
89,NEWS000158
90,NEWS000159
91,NEWS000161
92,NEWS000162
93,NEWS000164
94,NEWS000165
95,NEWS000166
96,NEWS000168
97,NEWS000169
98,NEWS000170
99,NEWS000171
100,NEWS000172
101,NEWS000174
102,NEWS000175
103,NEWS000176
104,NEWS000178
105,NEWS000180
106,NEWS000181
107,NEWS000182
108,NEWS000183
109,NEWS000184
110,NEWS000185
111,NEWS000186
112,NEWS000187
113,NEWS000188
114,NEWS000189
115,NEWS000190
116,NEWS000191
117,NEWS000192
118,NEWS000193
119,NEWS000194
120,NEWS000195
121,NEWS000196
122,NEWS000197
123,NEWS000198
124,NEWS000199
125,NEWS000200
126,NEWS000201
127,NEWS000202
128,NEWS000203
129,NEWS000204
130,NEWS000205
131,NEWS000206
132,NEWS000207
133,NEWS000208
134,NEWS000209
135,NEWS000210
136,NEWS000212
137,NEWS000213
138,NEWS000214
139,NEWS000215
140,NEWS000216
141,NEWS000218
142,NEWS000219
143,NEWS000220
144,NEWS000221
145,NEWS000223
146,NEWS000224
147,NEWS000225
148,NEWS000226
149,NEWS000227
150,NEWS000228
151,NEWS000229
152,NEWS000230
153,NEWS000231
154,NEWS000232
155,NEWS000233
156,NEWS000234
157,NEWS000235
158,NEWS000236
159,NEWS000237
160,NEWS000238
161,NEWS000239
162,NEWS000240
163,NEWS000241
164,NEWS000242
165,NEWS000243
166,NEWS000245
167,NEWS000246
168,NEWS000248
169,NEWS000249
170,NEWS000251
171,NEWS000252
172,NEWS000253
173,NEWS000254
174,NEWS000255
175,NEWS000257
176,NEWS000258
177,NEWS000259
178,NEWS000260
179,NEWS000261
180,NEWS000262
181,NEWS000263
182,NEWS000264
183,NEWS000265
184,NEWS000266
185,NEWS000267
186,NEWS000268
187,NEWS000269
188,NEWS000271
189,NEWS000272
190,NEWS000273
191,NEWS000274
192,NEWS000275
193,NEWS000277
194,NEWS000280
195,NEWS000281
196,NEWS000282
197,NEWS000283
198,NEWS000286
199,NEWS000291
200,NEWS000292
201,NEWS000293
202,NEWS000295
203,NEWS000298
204,NEWS000300
205,NEWS000301
206,NEWS000303
207,NEWS000305
208,NEWS000308
209,NEWS000309
210,NEWS000310
211,NEWS000312
212,NEWS000313
213,NEWS000315
214,NEWS000318
215,NEWS000319
216,NEWS000320
217,NEWS000321
218,NEWS000322
219,NEWS000325
220,NEWS000328
221,NEWS000329
222,NEWS000331
223,NEWS000332
224,NEWS000334
225,NEWS000335
226,NEWS000337
227,NEWS000338
228,NEWS000340
229,NEWS000343
230,NEWS000347
231,NEWS000350
232,NEWS000355
233,NEWS000358
234,NEWS000359
235,NEWS000365
236,NEWS000366
237,NEWS000367
238,NEWS000368
239,NEWS000369
240,NEWS000370
241,NEWS000371
242,NEWS000372
243,NEWS000373
244,NEWS000374
245,NEWS000375
246,NEWS000376
247,NEWS000381
248,NEWS000382
249,NEWS000383
250,NEWS000384
251,NEWS000385
252,NEWS000389
253,NEWS000391
254,NEWS000394
255,NEWS000396
256,NEWS000397
257,NEWS000398
258,NEWS000400
259,NEWS000402
260,NEWS000404
261,NEWS000406
262,NEWS000407
263,NEWS000408
264,NEWS000409
265,NEWS000411
266,NEWS000413
267,NEWS000416
268,NEWS000418
269,NEWS000419
270,NEWS000420
271,NEWS000422
272,NEWS000424
273,NEWS000425
274,NEWS000426
275,NEWS000427
276,NEWS000433
277,NEWS000436
278,NEWS000440
279,NEWS000441
280,NEWS000442
281,NEWS000443
282,NEWS000444
283,NEWS000446
284,NEWS000449
285,NEWS000450
286,NEWS000454
287,NEWS000455
288,NEWS000456
289,NEWS000457
290,NEWS000458
291,NEWS000459
292,NEWS000460
293,NEWS000461
294,NEWS000462
295,NEWS000467
296,NEWS000469
297,NEWS000470
298,NEWS000481
299,NEWS000482
300,NEWS000484
301,NEWS000485
302,NEWS000487
303,NEWS000490
304,NEWS000493
305,NEWS000494
306,NEWS000505
307,NEWS000506
308,NEWS000508
309,NEWS000509
310,NEWS000511
311,NEWS000512
312,NEWS000513
313,NEWS000514
314,NEWS000515
315,NEWS000516
316,NEWS000517
317,NEWS000518
318,NEWS000519
319,NEWS000521
320,NEWS000525
321,NEWS000526
322,NEWS000527
323,NEWS000529
324,NEWS000539
325,NEWS000541
326,NEWS000542
327,NEWS000544
328,NEWS000548
329,NEWS000549
330,NEWS000550
331,NEWS000551
332,NEWS000552
333,NEWS000555
334,NEWS000556
335,NEWS000560
336,NEWS000562
337,NEWS000568
338,NEWS000569
339,NEWS000571
340,NEWS000572
341,NEWS000573
342,NEWS000574
343,NEWS000575
344,NEWS000577
345,NEWS000579
346,NEWS000580
347,NEWS000582
348,NEWS000585
349,NEWS000589
350,NEWS000591
351,NEWS000592
352,NEWS000594
353,NEWS000595
354,NEWS000596
355,NEWS000597
356,NEWS000600
357,NEWS000606
358,NEWS000607
359,NEWS000609
360,NEWS000610
361,NEWS000612
362,NEWS000617
363,NEWS000622
364,NEWS000628
365,NEWS000630
366,NEWS000631
367,NEWS000636
368,NEWS000637
369,NEWS000639
370,NEWS000640
371,NEWS000641
372,NEWS000642
373,NEWS000644
374,NEWS000645
375,NEWS000646
376,NEWS000647
377,NEWS000648
378,NEWS000650
379,NEWS000651
380,NEWS000652
381,NEWS000655
382,NEWS000656
383,NEWS000658
384,NEWS000662
385,NEWS000664
386,NEWS000667
387,NEWS000668
388,NEWS000669
389,NEWS000671
390,NEWS000672
391,NEWS000674
392,NEWS000679
393,NEWS000680
394,NEWS000681
395,NEWS000684
396,NEWS000685
397,NEWS000691
398,NEWS000692
399,NEWS000697
400,NEWS000702
401,NEWS000703
402,NEWS000704
403,NEWS000706
404,NEWS000709
405,NEWS000710
406,NEWS000713
407,NEWS000715
408,NEWS000717
409,NEWS000719
410,NEWS000720
411,NEWS000723
412,NEWS000730
413,NEWS000732
414,NEWS000733
415,NEWS000737
416,NEWS000738
417,NEWS000739
418,NEWS000740
419,NEWS000741
420,NEWS000746
421,NEWS000749
422,NEWS000751
423,NEWS000752
424,NEWS000753
425,NEWS000754
426,NEWS000755
427,NEWS000757
428,NEWS000758
429,NEWS000759
430,NEWS000762
431,NEWS000763
432,NEWS000766
433,NEWS000767
434,NEWS000772
435,NEWS000780
436,NEWS000783
437,NEWS000784
438,NEWS000786
439,NEWS000787
440,NEWS000788
441,NEWS000789
442,NEWS000790
443,NEWS000791
444,NEWS000792
445,NEWS000793
446,NEWS000794
447,NEWS000795
448,NEWS000796
449,NEWS000797
450,NEWS000798
451,NEWS000802
452,NEWS000804
453,NEWS000808
454,NEWS000809
455,NEWS000810
456,NEWS000815
457,NEWS000818
458,NEWS000819
459,NEWS000820
460,NEWS000821
461,NEWS000823
462,NEWS000830
463,NEWS000831
464,NEWS000833
465,NEWS000835
466,NEWS000837
467,NEWS000838
468,NEWS000840
469,NEWS000841
470,NEWS000842
471,NEWS000843
472,NEWS000846
473,NEWS000847
474,NEWS000850
475,NEWS000854
476,NEWS000859
477,NEWS000862
478,NEWS000863
479,NEWS000866
480,NEWS000868
481,NEWS000870
482,NEWS000874
483,NEWS000876
484,NEWS000878
485,NEWS000879
486,NEWS000882
487,NEWS000883
488,NEWS000884
489,NEWS000885
490,NEWS000886
