topic,tahun,bulan,tahun_bulan,jumlah_dokumen,proporsi
0,2016,9,2016-09,9,1.0
0,2017,9,2017-09,39,1.0
0,2018,9,2018-09,80,1.0
0,2019,9,2019-09,70,0.9722
1,2019,9,2019-09,2,0.0278
0,2020,9,2020-09,76,0.9048
1,2020,9,2020-09,8,0.0952
0,2021,9,2021-09,119,0.9297
1,2021,9,2021-09,9,0.0703
0,2022,9,2022-09,221,0.917
1,2022,9,2022-09,20,0.083
0,2023,9,2023-09,173,0.9351
1,2023,9,2023-09,12,0.0649
0,2024,9,2024-09,145,0.9539
1,2024,9,2024-09,7,0.0461
0,2025,9,2025-09,116,0.9062
1,2025,9,2025-09,12,0.0938
0,2025,10,2025-10,7,0.7
1,2025,10,2025-10,3,0.3
0,2025,11,2025-11,11,0.9167
1,2025,11,2025-11,1,0.0833
0,2025,12,2025-12,5,0.8333
1,2025,12,2025-12,1,0.1667
0,2026,1,2026-01,20,1.0
0,2026,2,2026-02,9,0.9
1,2026,2,2026-02,1,0.1
0,2026,3,2026-03,8,0.8889
1,2026,3,2026-03,1,0.1111
0,2026,4,2026-04,9,0.9
1,2026,4,2026-04,1,0.1
0,2026,5,2026-05,19,1.0
0,2026,6,2026-06,17,0.8947
1,2026,6,2026-06,2,0.1053
0,2026,7,2026-07,21,0.913
1,2026,7,2026-07,2,0.087
0,2026,8,2026-08,17,0.8947
1,2026,8,2026-08,2,0.1053
0,2026,9,2026-09,8,0.8889
1,2026,9,2026-09,1,0.1111
