granularitas,periode,topic,jumlah_dokumen,total_dokumen_periode,proporsi_topic_dalam_periode
tahun,2016,0,9,9,1.0
tahun,2017,0,39,39,1.0
tahun,2018,0,80,80,1.0
tahun,2019,0,70,72,0.9722
tahun,2019,1,2,72,0.0278
tahun,2020,0,76,84,0.9048
tahun,2020,1,8,84,0.0952
tahun,2021,0,119,128,0.9297
tahun,2021,1,9,128,0.0703
tahun,2022,0,221,241,0.917
tahun,2022,1,20,241,0.083
tahun,2023,0,173,185,0.9351
tahun,2023,1,12,185,0.0649
tahun,2024,0,145,152,0.9539
tahun,2024,1,7,152,0.0461
tahun,2025,0,139,156,0.891
tahun,2025,1,17,156,0.109
tahun,2026,0,128,138,0.9275
tahun,2026,1,10,138,0.0725
bulan,1,0,20,20,1.0
bulan,2,0,9,10,0.9
bulan,2,1,1,10,0.1
bulan,3,0,8,9,0.8889
bulan,3,1,1,9,0.1111
bulan,4,0,9,10,0.9
bulan,4,1,1,10,0.1
bulan,5,0,19,19,1.0
bulan,6,0,17,19,0.8947
bulan,6,1,2,19,0.1053
bulan,7,0,21,23,0.913
bulan,7,1,2,23,0.087
bulan,8,0,17,19,0.8947
bulan,8,1,2,19,0.1053
bulan,9,0,1056,1127,0.937
bulan,9,1,71,1127,0.063
bulan,10,0,7,10,0.7
bulan,10,1,3,10,0.3
bulan,11,0,11,12,0.9167
bulan,11,1,1,12,0.0833
bulan,12,0,5,6,0.8333
bulan,12,1,1,6,0.1667
tahun_bulan,2016-09,0,9,9,1.0
tahun_bulan,2017-09,0,39,39,1.0
tahun_bulan,2018-09,0,80,80,1.0
tahun_bulan,2019-09,0,70,72,0.9722
tahun_bulan,2019-09,1,2,72,0.0278
tahun_bulan,2020-09,0,76,84,0.9048
tahun_bulan,2020-09,1,8,84,0.0952
tahun_bulan,2021-09,0,119,128,0.9297
tahun_bulan,2021-09,1,9,128,0.0703
tahun_bulan,2022-09,0,221,241,0.917
tahun_bulan,2022-09,1,20,241,0.083
tahun_bulan,2023-09,0,173,185,0.9351
tahun_bulan,2023-09,1,12,185,0.0649
tahun_bulan,2024-09,0,145,152,0.9539
tahun_bulan,2024-09,1,7,152,0.0461
tahun_bulan,2025-09,0,116,128,0.9062
tahun_bulan,2025-09,1,12,128,0.0938
tahun_bulan,2025-10,0,7,10,0.7
tahun_bulan,2025-10,1,3,10,0.3
tahun_bulan,2025-11,0,11,12,0.9167
tahun_bulan,2025-11,1,1,12,0.0833
tahun_bulan,2025-12,0,5,6,0.8333
tahun_bulan,2025-12,1,1,6,0.1667
tahun_bulan,2026-01,0,20,20,1.0
tahun_bulan,2026-02,0,9,10,0.9
tahun_bulan,2026-02,1,1,10,0.1
tahun_bulan,2026-03,0,8,9,0.8889
tahun_bulan,2026-03,1,1,9,0.1111
tahun_bulan,2026-04,0,9,10,0.9
tahun_bulan,2026-04,1,1,10,0.1
tahun_bulan,2026-05,0,19,19,1.0
tahun_bulan,2026-06,0,17,19,0.8947
tahun_bulan,2026-06,1,2,19,0.1053
tahun_bulan,2026-07,0,21,23,0.913
tahun_bulan,2026-07,1,2,23,0.087
tahun_bulan,2026-08,0,17,19,0.8947
tahun_bulan,2026-08,1,2,19,0.1053
tahun_bulan,2026-09,0,8,9,0.8889
tahun_bulan,2026-09,1,1,9,0.1111
